{"MSE": 2.450054152668812, "_timestamp": 1686512053.1136663, "_runtime": 16.33568525314331, "_step": 0, "_wandb": {"runtime": 15}}