{"MSE": 2.453983836538874, "_timestamp": 1686511615.961773, "_runtime": 20.126133918762207, "_step": 0, "_wandb": {"runtime": 321}}