{"MSE": 2.484217152744887, "_timestamp": 1686511926.1770809, "_runtime": 5.089253902435303, "_step": 0, "_wandb": {"runtime": 4}}