{"MSE": 2.4577238410509348, "_timestamp": 1686512001.7391918, "_runtime": 7.443389654159546, "_step": 0, "_wandb": {"runtime": 6}}