{"MSE": 2.451921878561271, "_timestamp": 1686511954.645753, "_runtime": 10.03944993019104, "_step": 0, "_wandb": {"runtime": 9}}