{"MSE": 2.4858597329672176, "_timestamp": 1686511975.2677226, "_runtime": 4.051260709762573, "_step": 0, "_wandb": {"runtime": 3}}